id,student_id,card_type,note,updated_at,updated_by_email
e6e53dff-c18a-4fdc-8316-983cb86d2f13,4918fc6c-6249-453d-9252-6c226d91f918,green,Mudar plano no sistema: Jaguar --> Jungle,2026-06-03 19:34:44.335632+00,rsdeoliveira@live.com
29ed2a07-7620-48bf-b600-023c9b11ead3,866805eb-1f07-4923-aff5-d5bff601832f,green,Trocar terra com pausa de 2 para 4 reps,2026-06-04 18:49:29.953282+00,rsdeoliveira@live.com
65bd5bc2-88bc-41e3-a8c2-819484c31e0f,75061457-1a89-462a-b288-a63ce1bf59e9,orange,"",2026-06-08 19:42:08.716214+00,brunorodriguesconsul@gmail.com
eb40c62d-cd71-45b7-8ea8-79fae2eb1e45,a9aaafe0-eeb8-449c-aba8-e4abf904adec,green,"Não é mais Jungle - 01/06 16:56
",2026-06-01 19:56:14.076542+00,rsdeoliveira@live.com
75f5b8a5-fb73-4ff9-b8dc-a8280cfa1569,43f341dc-57fe-4cf6-9c86-87dff523d772,green,Duplicado no sistema - 01/06 16:56,2026-06-01 19:56:58.602031+00,rsdeoliveira@live.com
3576821b-1015-4e23-8449-90cee290f92e,4dca53bc-1217-4019-8969-deb495aebae2,green,"Ombro muito fodido, reduzir mais o volume de supino no bloco seguinte",2026-06-11 14:57:26.489054+00,rsdeoliveira@live.com
9f01beec-7b6c-4af4-941d-9b21d8b68669,75061457-1a89-462a-b288-a63ce1bf59e9,green,"",2026-06-02 00:55:08.196727+00,rsdeoliveira@live.com
6b5371be-2f84-4fb2-b086-a5c8bafced61,5446a522-58c5-4727-a6e6-a5e9b56ce59d,green,Avaliar inverter a ordem dos treinos de segunda e terça-feira para melhorar a recuperação para o L. Terra na sexta-feira (03/06 - 15:02),2026-06-03 18:02:06.223427+00,rsdeoliveira@live.com
